Index,name,job_id,job_company,job_title,job_application_url,distance
1,,459511058018991631,Microsoft,Software Engineer - AI/ML,https://jobs.careers.microsoft.com/global/en/share/1798164/?utm_source=Job Share&utm_campaign=Copy-job-share,1.084110534434095
2,,459511058018991632,Meta,"Software Engineer, Infrastructure",https://www.metacareers.com/jobs/804955741151464/,1.0926844768645818
3,,459511058018991630,Google,Software Engineer,https://www.google.com/about/careers/applications/jobs/results/93187212962603718-software-engineer-google-threat-intelligence,1.0970227779716824
1,Zixuan (Austin) Huang,459511058018991631,Microsoft,Software Engineer - AI/ML,https://jobs.careers.microsoft.com/global/en/share/1798164/?utm_source=Job Share&utm_campaign=Copy-job-share,1.018757209210155
2,Zixuan (Austin) Huang,459511058018991632,Meta,"Software Engineer, Infrastructure",https://www.metacareers.com/jobs/804955741151464/,1.06824556381678
3,Zixuan (Austin) Huang,459511058018991630,Google,Software Engineer,https://www.google.com/about/careers/applications/jobs/results/93187212962603718-software-engineer-google-threat-intelligence,1.072132824625869
1,Zixuan (Austin) Huang,,Jabra,Software Intern (Onsite),https://www.linkedin.com/jobs/view/4063828765/?refId=1bdaf058-e35d-4412-aa04-71b46f415018&trackingId=%2B2lacqKHQeKvuY2n3V4sGg%3D%3D,1.0146153267941296
2,Zixuan (Austin) Huang,,Tanium,Software Engineer Intern,https://www.tanium.com/careers/6187797?gh_jid=6187797&gh_src=f0ee6cde1us,1.0230188876802135
3,Zixuan (Austin) Huang,,Group One,Trading Analyst Intern,https://group1.applicantpro.com/jobs/2002537,1.0502477119549996
